date,ticker,open,high,low,close,volume
2024-01-02,AAPL,100.09865988,100.90851683,99.59816659,100.40648441,1475577
2024-01-03,AAPL,99.25425683,99.75052811,98.70488512,99.20088957,2496736
2024-01-04,AAPL,100.20442868,100.70545082,99.63762499,100.13831657,4705888
2024-01-05,AAPL,101.72943952,102.23808672,100.80889853,101.31547591,2703528
2024-01-08,AAPL,99.25894923,99.75524398,98.51553077,99.01058369,1454915
2024-01-09,AAPL,97.61890852,98.10700306,97.02688009,97.51445235,3607724
2024-01-10,AAPL,98.13308718,98.62375261,97.21471990,97.70323608,4850459
2024-01-11,AAPL,97.02546607,97.85896520,96.54033874,97.37210468,4469962
2024-01-12,AAPL,97.20468419,97.87838098,96.71866076,97.39142387,2096305
2024-01-15,AAPL,96.17042723,96.92031737,95.68957509,96.43812674,2815587
2024-01-16,AAPL,97.38624465,97.98769859,96.89931342,97.50019760,3124066
2024-01-17,AAPL,98.04806812,98.94611900,97.55782778,98.45384975,1991358
2024-01-18,AAPL,98.75931507,99.25311164,98.07845645,98.57131302,2074767
2024-01-19,AAPL,99.88709545,100.45347774,99.38765998,99.95370919,1946649
2024-01-22,AAPL,100.11353220,101.05903231,99.61296454,100.55625105,4978325
2024-01-23,AAPL,99.26162449,100.06233230,98.76531637,99.56450975,3984057
2024-01-24,AAPL,100.14021203,100.64091309,99.54583993,100.04607028,4363425
2024-01-25,AAPL,99.19013574,99.68608642,98.44634212,98.94104736,4266275
2024-01-26,AAPL,100.63053977,101.13369246,99.52939755,100.02954528,4836573
2024-01-29,AAPL,100.88770550,101.39214403,99.50958213,100.00963028,1421112
2024-01-30,AAPL,99.95212928,100.45188992,99.32880346,99.82794317,4526529
2024-01-31,AAPL,98.76155079,99.55044721,98.26774303,99.05517135,1266235
2024-02-01,AAPL,99.91814877,101.06208378,99.41855803,100.55928734,2901684
2024-02-02,AAPL,100.49382250,100.99629161,99.91107913,100.41314486,3377734
2024-02-05,AAPL,99.69488447,100.43801100,99.19641005,99.93831940,2431444
2024-02-06,AAPL,99.43274792,100.05450911,98.93558418,99.55672549,1584692
2024-02-07,AAPL,100.05089504,100.73596026,99.55064057,100.23478633,1769205
2024-02-08,AAPL,100.67306169,101.21917018,100.16969638,100.71559222,4298656
2024-02-09,AAPL,101.58047669,102.08837908,100.74986649,101.25614722,2274895
2024-02-12,AAPL,101.86968671,102.37903514,101.31259403,101.82170255,2241338
2024-02-13,AAPL,104.46448281,105.03678081,103.94216039,104.51420976,4693447
2024-02-14,AAPL,103.72457815,104.56758429,103.20595526,104.04734756,1575487
2024-02-15,AAPL,102.93267142,103.96836698,102.41800806,103.45111143,4661067
2024-02-16,AAPL,102.33737480,102.99922012,101.82568792,102.48678619,4683881
2024-02-19,AAPL,103.27179307,103.80489936,102.75543410,103.28845707,3394238
2024-02-20,AAPL,105.29617412,105.82265499,104.21548782,104.73918374,1662126
2024-02-21,AAPL,104.67881419,105.20220826,104.11472168,104.63791124,1623443
2024-02-22,AAPL,103.93568214,104.45536055,103.11155976,103.62970830,2138880
2024-02-23,AAPL,102.49688286,103.16377926,101.98439845,102.65052663,3309662
2024-02-26,AAPL,103.12919844,104.01394001,102.61355244,103.49645772,1614453
2024-02-27,AAPL,104.16342781,104.98778172,103.64261067,104.46545445,2822631
2024-02-28,AAPL,104.96202419,105.71658956,104.43721407,105.19063638,1461960
2024-02-29,AAPL,105.06440901,105.58973105,103.87368880,104.39566713,3161136
2024-03-01,AAPL,104.47104460,105.25243939,103.94868938,104.72879541,1084592
2024-03-04,AAPL,105.18174990,105.70765865,104.39291360,104.91750111,3836144
2024-03-05,AAPL,104.95060588,105.76145592,104.42585285,105.23527952,1221581
2024-03-06,AAPL,106.68178859,107.21519754,105.85213890,106.38405920,1779287
2024-03-07,AAPL,106.83587150,107.37005086,106.17900018,106.71256300,1698565
2024-03-08,AAPL,107.57797589,108.16668284,107.04008601,107.62854014,4323976
2024-03-11,AAPL,107.74577496,108.29774649,107.20704609,107.75895174,1213527
2024-03-12,AAPL,107.96443572,108.71760914,107.42461354,108.17672551,2717038
2024-03-13,AAPL,109.18895488,109.73489965,108.49771946,109.04293413,3364575
2024-03-14,AAPL,107.04944981,107.73164511,106.51420256,107.19566677,3063982
2024-03-15,AAPL,106.43590298,107.36210853,105.90372347,106.82796869,3722858
2024-03-18,AAPL,105.86254282,106.80052487,105.33323011,106.26917897,4212405
2024-03-19,AAPL,105.55440731,106.08217934,104.97227036,105.49976921,2574521
2024-03-20,AAPL,105.69359892,106.22206691,104.66811309,105.19408351,4312871
2024-03-21,AAPL,107.19250486,107.72846739,106.60536217,107.14106750,2271964
2024-03-22,AAPL,106.03831231,106.60643995,105.50812075,106.07605965,4937690
2024-03-25,AAPL,107.45081407,107.98806814,106.82192322,107.35871681,3018104
2024-03-26,AAPL,105.66770259,106.19604110,104.72823343,105.25450596,3944053
2024-03-27,AAPL,104.94336365,105.46808046,104.34994657,104.87431816,4500019
2024-03-28,AAPL,104.99186998,105.64698875,104.46691063,105.12138185,4170604
2024-03-29,AAPL,106.25790810,106.78919764,105.37630770,105.90583689,4404526
2024-04-01,AAPL,106.99385001,107.52881926,106.32203400,106.85631558,3146054
2024-04-02,AAPL,108.41999436,108.96209433,107.38201522,107.92162334,1173900
2024-04-03,AAPL,107.57306125,108.11092656,106.97637451,107.51394423,2972334
2024-04-04,AAPL,106.56966730,107.49667028,106.03681896,106.96186098,1725993
2024-04-05,AAPL,107.66920008,108.65259425,107.13085408,108.11203408,4556466
2024-04-08,AAPL,108.44305255,108.98526781,107.36774900,107.90728542,1946979
2024-04-09,AAPL,106.86166541,107.39597374,105.77895773,106.31051028,1912279
2024-04-10,AAPL,104.86000240,105.44107322,104.33570239,104.91649076,1997550
2024-04-11,AAPL,103.68751559,104.32581324,103.16907801,103.80677935,3570265
2024-04-12,AAPL,104.92874933,105.45339308,103.94736522,104.46971379,3284930
2024-04-15,AAPL,104.34317025,105.21373572,103.82145440,104.69028430,4795363
2024-04-16,AAPL,105.32048727,106.13158411,104.79388483,105.60356628,2665049
2024-04-17,AAPL,105.30860038,105.83514339,104.58002509,105.10555285,2129112
2024-04-18,AAPL,105.22319612,105.87457389,104.69708014,105.34783471,1197016
2024-04-19,AAPL,106.18249937,106.71505160,105.65158688,106.18413094,1028303
2024-04-22,AAPL,105.78113383,106.36217914,105.25222816,105.83301407,2494456
2024-04-23,AAPL,106.56515046,107.09797621,105.92499762,106.45728404,4703269
2024-04-24,AAPL,106.10436128,106.63488309,105.12899950,105.65728593,3095011
2024-04-25,AAPL,105.26866675,105.79501009,104.71386307,105.24006338,4574190
2024-04-26,AAPL,105.00364041,105.52865861,104.27698352,104.80098846,1406687
2024-04-29,AAPL,102.71545697,103.86590264,102.20187969,103.34915686,1373284
2024-04-30,AAPL,103.98125500,104.51643578,103.46134873,103.99645351,4333834
2024-05-01,AAPL,103.19230423,103.97094771,102.67634271,103.45367931,1426968
2024-05-02,AAPL,103.13279812,104.02814012,102.61713413,103.51058718,1207847
2024-05-03,AAPL,103.87709297,104.67186907,103.35770750,104.15111350,2616370
2024-05-06,AAPL,104.64763639,105.27634759,104.12439821,104.75258466,4699367
2024-05-07,AAPL,105.92523997,106.45486617,105.10641494,105.63458788,3757533
2024-05-08,AAPL,105.13285651,106.07979247,104.60719223,105.55203231,1396452
2024-05-09,AAPL,105.06890188,105.59424639,104.53395084,105.05924707,4348524
2024-05-10,AAPL,104.84838162,105.52578935,104.32413971,105.00078542,4374299
2024-05-13,AAPL,102.83613487,103.45196085,102.32195420,102.93727448,4202786
2024-05-14,AAPL,101.51055070,102.01810346,100.69960988,101.20563807,4610612
2024-05-15,AAPL,99.81279868,100.31186267,99.15353727,99.65179625,1959512
2024-05-16,AAPL,98.90178673,99.39629566,98.01323968,98.50576852,4918282
2024-05-17,AAPL,98.97317797,99.51415968,98.47831208,99.01906436,2282785
2024-05-20,AAPL,97.78379073,98.47810052,97.29487178,97.98815972,4208103
2024-05-21,AAPL,97.51801451,98.07144494,97.03042443,97.58352730,3317458
2024-05-22,AAPL,99.22866473,99.72480805,98.66072057,99.15650308,4117910
2024-05-23,AAPL,98.82533446,99.31946113,98.27913357,98.77299856,3511277
2024-05-24,AAPL,99.36712217,100.18936064,98.87028656,99.69090611,3569933
2024-05-27,AAPL,98.64647678,99.13970916,98.12660242,98.61970092,3465136
2024-05-28,AAPL,98.48364388,98.97606210,97.92415551,98.41623669,4115985
2024-05-29,AAPL,98.07749730,98.56788478,96.85286691,97.33956473,3956171
2024-05-30,AAPL,97.53074579,98.01839952,96.49822304,96.98313873,1538208
2024-05-31,AAPL,97.75468279,98.49525506,97.26590937,98.00522892,4304219
2024-06-03,AAPL,95.95034695,96.51327175,95.47059521,96.03310622,3144272
2024-06-04,AAPL,96.15060326,97.05653208,95.66985024,96.57366376,2292333
2024-06-05,AAPL,96.71676690,97.37275424,96.23318307,96.88831268,3056891
2024-06-06,AAPL,96.32962606,96.81127419,95.75727058,96.23846289,4867933
2024-06-07,AAPL,94.96362908,95.43844723,94.14760944,94.62071301,4430288
2024-06-10,AAPL,94.53354152,95.21423913,94.06087381,94.74053645,4334794
2024-06-11,AAPL,93.99349784,94.64902616,93.52353035,94.17813548,2851197
2024-06-12,AAPL,93.87257661,94.95163943,93.40321373,94.47924321,4136551
2024-06-13,AAPL,94.49570557,95.01453967,94.02322704,94.54183052,2540357
2024-06-14,AAPL,96.10837789,96.89726328,95.62783600,96.41518734,3744661
2024-06-17,AAPL,96.02447899,96.65800320,95.54435659,96.17711761,3558253
2024-01-02,MSFT,201.27033707,202.27668875,199.61066027,200.61372892,1777548
2024-01-03,MSFT,200.82163773,201.82574592,199.02322758,200.02334430,2960790
2024-01-04,MSFT,196.92366599,197.94933749,195.93904766,196.96451492,4982442
2024-01-05,MSFT,198.42998196,199.42213187,196.63771051,197.62583971,3345780
2024-01-08,MSFT,200.85797704,201.86226693,199.79845923,200.80247159,3892972
2024-01-09,MSFT,197.63161138,199.11936825,196.64345332,198.12872462,2973159
2024-01-10,MSFT,199.39907027,200.75373090,198.40207492,199.75495612,1055629
2024-01-11,MSFT,198.36188399,200.24111400,197.37007457,199.24488955,1336461
2024-01-12,MSFT,198.68454148,200.21069586,197.69111878,199.21462275,2075490
2024-01-15,MSFT,197.20279454,198.40178757,196.21678057,197.41471400,1974669
2024-01-16,MSFT,197.37536320,198.36224002,195.91561207,196.90011263,4362317
2024-01-17,MSFT,200.32865013,201.33029338,198.30067059,199.29715637,4374353
2024-01-18,MSFT,199.59579802,201.42727492,198.59781903,200.42514917,4416485
2024-01-19,MSFT,203.89601695,204.91549703,202.63759126,203.65587061,3550354
2024-01-22,MSFT,205.26600756,206.93731248,204.23967752,205.90777362,3224692
2024-01-23,MSFT,207.10051167,208.13601423,205.77176258,206.80579154,3596596
2024-01-24,MSFT,210.07871599,211.21215452,209.02832241,210.16134779,2627227
2024-01-25,MSFT,209.92152690,212.13312770,208.87191926,211.07773901,3680813
2024-01-26,MSFT,213.33491068,214.40158524,211.67791461,212.74162272,4177770
2024-01-29,MSFT,211.87452787,213.32072694,210.81515523,212.25942979,4051612
2024-01-30,MSFT,212.13152082,213.53392211,211.07086322,212.47156428,3455321
2024-01-31,MSFT,210.54977640,212.28270307,209.49702752,211.22657022,1232433
2024-02-01,MSFT,212.78340182,214.26748122,211.71948481,213.20147385,3899797
2024-02-02,MSFT,211.30794912,212.36448887,209.98168883,211.03687319,2466433
2024-02-05,MSFT,212.49241481,213.67615347,211.42995274,212.61308803,3974669
2024-02-06,MSFT,212.54296417,213.60567899,211.27183554,212.33350306,3158109
2024-02-07,MSFT,214.90265446,215.97716773,213.59609995,214.66944719,4524743
2024-02-08,MSFT,217.06985104,218.15520030,215.13046739,216.21152502,2353825
2024-02-09,MSFT,219.64545275,220.97080040,218.54722548,219.87144319,4725576
2024-02-12,MSFT,220.43203700,222.51789829,219.32987682,221.41084407,4377915
2024-02-13,MSFT,219.08796231,220.18340212,217.29569907,218.38763726,2324428
2024-02-14,MSFT,218.12637425,219.43511809,217.03574238,218.34340109,2930290
2024-02-15,MSFT,216.86277286,217.94708672,215.05814882,216.13884304,3125392
2024-02-16,MSFT,215.46675011,216.54408386,214.14298211,215.21907750,4074510
2024-02-19,MSFT,218.16771847,219.34483311,217.07687987,218.25356528,3756628
2024-02-20,MSFT,219.82717343,220.92630930,218.49929606,219.59728247,4408062
2024-02-21,MSFT,219.58908370,220.68702912,217.21603666,218.30757454,2479471
2024-02-22,MSFT,217.76411726,218.85293785,215.32940301,216.41146031,3019165
2024-02-23,MSFT,216.60700759,217.69004263,215.47911733,216.56192696,2723459
2024-02-26,MSFT,214.39241993,215.46438203,213.21796667,214.28941373,4638208
2024-02-27,MSFT,213.77326841,214.84213475,212.01874650,213.08416734,2219922
2024-02-28,MSFT,213.22721658,214.83770148,212.16108049,213.76885720,3348495
2024-02-29,MSFT,216.30562630,217.38715443,215.00915126,216.08959926,1480664
2024-03-01,MSFT,217.34683548,218.45051825,216.26010130,217.36369976,4401097
2024-03-04,MSFT,213.21309367,214.27915914,211.94733816,213.01240016,2536871
2024-03-05,MSFT,213.14859996,214.75057165,212.08285696,213.68216085,2362363
2024-03-06,MSFT,212.88865466,214.97581318,211.82421139,213.90628177,3331668
2024-03-07,MSFT,213.45884395,215.86442261,212.39154973,214.79047026,2995267
2024-03-08,MSFT,217.29518546,219.11493832,216.20870953,218.02481425,4391905
2024-03-11,MSFT,213.80485635,215.16975617,212.73583207,214.09925987,3125644
2024-03-12,MSFT,212.86118360,214.11373576,211.79687768,213.04849329,3067978
2024-03-13,MSFT,215.51912619,216.59672182,213.19887657,214.27022771,1419918
2024-03-14,MSFT,212.02868990,213.08883335,210.26971701,211.32634875,1087752
2024-03-15,MSFT,213.62045876,215.30910603,212.55235647,214.23791645,2594210
2024-03-18,MSFT,215.25976141,216.33606021,213.96015889,215.03533556,4992824
2024-03-19,MSFT,216.50213033,217.85052522,215.41961968,216.76669176,4669350
2024-03-20,MSFT,215.55800488,216.82068391,214.48021485,215.74197404,3515918
2024-03-21,MSFT,217.53570091,218.62337941,216.32771574,217.41478969,3523328
2024-03-22,MSFT,220.01170722,221.11176576,218.50539480,219.60341186,2566014
2024-03-25,MSFT,219.92825355,221.25296610,218.82861228,220.15220508,1710026
2024-03-26,MSFT,221.41091324,222.51796781,219.60186770,220.70539467,1034186
2024-03-27,MSFT,220.57461571,222.43821710,219.47174264,221.33155930,2355422
2024-03-28,MSFT,219.71049664,220.80904912,218.60778681,219.70631840,2265872
2024-03-29,MSFT,221.21984952,222.32594877,218.40506571,219.50257861,1766412
2024-04-01,MSFT,219.43597768,220.53315757,218.19272578,219.28917164,2036668
2024-04-02,MSFT,221.08372271,222.18914133,219.03450626,220.13518217,1099292
2024-04-03,MSFT,222.27487704,223.38625143,221.10278822,222.21385751,3431840
2024-04-04,MSFT,220.57896459,221.68185941,219.09400269,220.19497757,4709841
2024-04-05,MSFT,219.99789645,221.13555307,218.89790696,220.03537619,3763199
2024-04-08,MSFT,222.96397503,224.19337837,221.84915516,223.07798843,2792829
2024-04-09,MSFT,221.16094468,222.78711665,220.05513996,221.67872304,2681072
2024-04-10,MSFT,220.41668861,221.51877206,219.03167371,220.13233539,2230140
2024-04-11,MSFT,220.05885519,221.72484745,218.95856091,220.62173875,1569624
2024-04-12,MSFT,222.83818230,223.95237321,221.28170446,222.39367282,3393908
2024-04-15,MSFT,223.23115586,224.34731164,221.39300051,222.50552815,3266095
2024-04-16,MSFT,225.52075316,226.64835693,224.14654359,225.27290814,1029257
2024-04-17,MSFT,226.91261601,228.24309785,225.77805293,227.10756005,2662086
2024-04-18,MSFT,229.23828661,230.38447804,227.78166873,228.92630023,2112088
2024-04-19,MSFT,229.94982847,231.31367937,228.80007933,230.16286504,1681126
2024-04-22,MSFT,235.79026128,236.96921259,233.95376334,235.12941040,3812133
2024-04-23,MSFT,233.50310430,235.96349985,232.33558878,234.78955209,3103304
2024-04-24,MSFT,230.45395179,231.83952524,229.30168203,230.68609477,3535079
2024-04-25,MSFT,232.74041704,235.30527650,231.57671495,234.13460348,3853926
2024-04-26,MSFT,232.22151012,234.43173228,231.06040257,233.26540526,4927223
2024-04-29,MSFT,234.54310658,235.71582211,232.41748663,233.58541370,4211050
2024-04-30,MSFT,237.08514039,238.27056609,235.26704296,236.44928940,3481430
2024-05-01,MSFT,232.65460860,234.32310873,231.49133556,233.15732212,4516086
2024-05-02,MSFT,229.60055752,231.79100949,228.45255473,230.63782039,2910023
2024-05-03,MSFT,225.41508280,228.56591639,224.28800739,227.42877253,4939066
2024-05-06,MSFT,225.53139844,227.02892142,224.40374145,225.89942430,4045730
2024-05-07,MSFT,228.53922291,229.68191902,225.75132523,226.88575400,3603533
2024-05-08,MSFT,228.34758138,229.48931928,226.90961201,228.04986131,4613311
2024-05-09,MSFT,228.32545510,229.85261614,227.18382782,228.70907079,3060315
2024-05-10,MSFT,226.22523325,227.35635942,224.78026564,225.90981471,3882783
2024-05-13,MSFT,220.31582028,222.45670096,219.21424118,221.34995121,2138923
2024-05-14,MSFT,221.34933412,222.65459349,220.24258745,221.54685919,4852844
2024-05-15,MSFT,220.76230266,221.86611418,219.59294772,220.69642986,3493469
2024-05-16,MSFT,221.64218598,222.80794121,220.53397505,221.69944399,4128020
2024-05-17,MSFT,223.72387927,224.84249867,222.07777303,223.19374174,2842950
2024-05-20,MSFT,223.79227992,224.91124132,222.44320762,223.56101268,4467205
2024-05-21,MSFT,225.63768294,226.76587136,224.05980888,225.18573756,1296711
2024-05-22,MSFT,225.27533101,226.86973674,224.14895435,225.74103159,1456416
2024-05-23,MSFT,227.52326409,228.66088041,225.77671064,226.91126697,3028465
2024-05-24,MSFT,226.67194549,227.80530521,224.43911001,225.56694473,3929654
2024-05-27,MSFT,224.63795920,226.41917231,223.51476940,225.29270877,4236876
2024-05-28,MSFT,225.18186903,226.91125887,224.05595968,225.78234713,2760354
2024-05-29,MSFT,228.46055708,229.60285987,226.40913261,227.54686695,3598692
2024-05-30,MSFT,226.70248594,227.96682106,225.56897351,226.83265777,3212415
2024-05-31,MSFT,228.95249226,230.09725472,226.85034312,227.99029459,4846091
2024-06-03,MSFT,227.23458642,228.67414735,226.09841349,227.53646502,3616409
2024-06-04,MSFT,228.38156676,229.52347459,226.24988856,227.38682267,2667375
2024-06-05,MSFT,229.27284579,230.41921002,228.03651312,229.18242525,4879260
2024-06-06,MSFT,225.37269326,226.49955673,224.07217686,225.19816769,1429012
2024-06-07,MSFT,223.72254887,224.84116161,221.56144767,222.67482177,4938312
2024-06-10,MSFT,219.57360990,220.91110524,218.47574185,219.81204502,1616052
2024-06-11,MSFT,214.72259280,216.40633841,213.64897984,215.32968996,2152912
2024-06-12,MSFT,213.81693878,215.17538867,212.74785409,214.10486435,4285880
2024-06-13,MSFT,215.93292397,217.01258859,214.56190081,215.64010131,3935013
2024-06-14,MSFT,214.16560836,216.24983987,213.09478032,215.17397002,4881416
2024-06-17,MSFT,216.05637894,217.13666084,214.56536690,215.64358482,3999934
2024-01-02,NVDA,49.33925084,49.74016239,49.09255458,49.49269889,2777535
2024-01-03,NVDA,47.50784850,47.74711873,47.27030926,47.50957088,1418460
2024-01-04,NVDA,46.00142539,46.26066326,45.77141826,46.03051070,4114709
2024-01-05,NVDA,45.39793479,45.79165316,45.17094512,45.56383399,4615893
2024-01-08,NVDA,44.78212854,45.21763288,44.55821790,44.99266953,3797960
2024-01-09,NVDA,46.02901031,46.25915536,45.70474252,45.93441460,4462290
2024-01-10,NVDA,46.18260654,46.46241211,45.95169350,46.23125583,4444797
2024-01-11,NVDA,44.10685489,44.46354289,43.88632062,44.24233123,4192389
2024-01-12,NVDA,44.82108940,45.05819392,44.59698395,44.83402380,3011522
2024-01-15,NVDA,44.35887917,44.58067356,43.98797482,44.20901992,1399449
2024-01-16,NVDA,45.34717157,45.88680306,45.12043571,45.65851051,1012983
2024-01-17,NVDA,44.76427619,45.19054450,44.54045481,44.96571592,1817589
2024-01-18,NVDA,44.15103146,44.49480720,43.93027630,44.27344000,2724098
2024-01-19,NVDA,45.09163604,45.31709422,44.66993576,44.89440780,3974401
2024-01-22,NVDA,45.81603606,46.04511624,45.54832541,45.77721147,2823228
2024-01-23,NVDA,46.41816348,46.65025430,46.07987683,46.31143400,1092560
2024-01-24,NVDA,44.26651267,44.64027568,44.04518011,44.41818476,1841382
2024-01-25,NVDA,44.88668512,45.26288381,44.66225170,45.03769534,4916898
2024-01-26,NVDA,43.96463467,44.18445784,43.68608237,43.90561042,4952089
2024-01-29,NVDA,44.19001408,44.41096415,43.96137788,44.18228932,2508578
2024-01-30,NVDA,42.72468560,42.93830903,42.44113734,42.65440938,4219942
2024-01-31,NVDA,43.12598409,43.36602277,42.91035417,43.15027142,3877250
2024-02-01,NVDA,42.34109664,42.55280212,42.09425174,42.30578064,4725074
2024-02-02,NVDA,41.00656706,41.21159989,40.78218431,40.98711991,4550284
2024-02-05,NVDA,41.83932448,42.04852110,41.53310542,41.74181450,3514966
2024-02-06,NVDA,42.11338021,42.32394712,41.80148827,42.01154600,2578519
2024-02-07,NVDA,41.18752623,41.59510977,40.98158860,41.38816892,3506635
2024-02-08,NVDA,42.64596792,43.14912235,42.43273808,42.93445010,2276529
2024-02-09,NVDA,42.60891322,42.82195779,42.26865032,42.48105559,2392362
2024-02-12,NVDA,42.68399787,42.89741786,42.31951706,42.53217795,3434964
2024-02-13,NVDA,42.70525091,43.05039023,42.49172466,42.83620918,3285595
2024-02-14,NVDA,41.95982443,42.40556684,41.75002531,42.19459387,3323957
2024-02-15,NVDA,42.72429027,42.93791172,42.49804059,42.71159858,2538702
2024-02-16,NVDA,42.28053095,42.49193360,41.95181351,42.16262665,2636559
2024-02-19,NVDA,41.97339771,42.18326470,41.53891523,41.74765350,1040768
2024-02-20,NVDA,43.27859646,43.49498945,42.99555638,43.21161445,3407099
2024-02-21,NVDA,42.07187691,42.32941364,41.86151753,42.11881954,3303140
2024-02-22,NVDA,39.56305628,39.86754937,39.36524100,39.66920335,4741525
2024-02-23,NVDA,41.31736746,41.52395430,41.10936834,41.31594808,3017118
2024-02-26,NVDA,44.01295323,44.27274797,43.79288846,44.05248554,2870561
2024-02-27,NVDA,43.49321030,43.84398714,43.27574425,43.62585785,1270729
2024-02-28,NVDA,41.83675923,42.04594303,41.37250591,41.58040795,1786968
2024-02-29,NVDA,41.49705660,41.70454188,41.06903587,41.27541293,2352150
2024-03-01,NVDA,41.13747746,41.34316485,40.79252601,40.99751358,2508823
2024-03-04,NVDA,40.70702871,41.02373764,40.50349357,40.81963944,2450743
2024-03-05,NVDA,39.81698903,40.01607398,39.51641209,39.71498702,2576427
2024-03-06,NVDA,40.38815428,40.59009505,40.10917496,40.31072860,4075671
2024-03-07,NVDA,40.91341372,41.11798079,40.65483595,40.85913161,1524434
2024-03-08,NVDA,39.52443908,39.72206128,39.17965684,39.37653954,2329038
2024-03-11,NVDA,40.16340379,40.36422081,39.88648610,40.08692070,1651486
2024-03-12,NVDA,42.30846911,42.52001145,42.00357345,42.21464668,2231182
2024-03-13,NVDA,42.49459816,42.70707115,42.20141305,42.41348045,3738248
2024-03-14,NVDA,42.11716983,42.32775568,41.86376167,42.07413233,1187055
2024-03-15,NVDA,41.71797972,42.15151298,41.50938982,41.94180396,2357911
2024-03-18,NVDA,42.61964597,42.83274420,42.39591083,42.60895561,1094745
2024-03-19,NVDA,40.75298509,41.02514650,40.54922016,40.82104130,4819593
2024-03-20,NVDA,40.84841056,41.21057819,40.64416850,41.00555044,3909035
2024-03-21,NVDA,40.82894578,41.03309051,40.42034687,40.62346419,1974386
2024-03-22,NVDA,42.78247032,42.99638267,42.34832711,42.56113278,1792788
2024-03-25,NVDA,42.56638274,42.77921465,42.18119900,42.39316483,1395698
2024-03-26,NVDA,44.24976111,44.47100992,43.99481521,44.21589468,2891519
2024-03-27,NVDA,43.20441506,43.42043714,42.81456179,43.02971034,4014018
2024-03-28,NVDA,43.68515989,43.90358569,43.46516239,43.68358029,3336840
2024-03-29,NVDA,44.07821603,44.29860711,43.83115032,44.05140736,4524144
2024-04-01,NVDA,42.98067971,43.33751518,42.76577631,43.12190565,2375270
2024-04-02,NVDA,43.38253742,43.59945011,43.11424620,43.33090071,2112453
2024-04-03,NVDA,44.69046426,44.91391658,44.45895712,44.68236897,2912206
2024-04-04,NVDA,44.16692671,44.56156617,43.94609208,44.33986684,1808352
2024-04-05,NVDA,42.51391965,42.73305217,42.30135005,42.52044992,4902579
2024-04-08,NVDA,42.50861985,42.73138259,42.29607675,42.51878865,1743064
2024-04-09,NVDA,41.81178218,42.02084109,41.37897679,41.58691135,2915466
2024-04-10,NVDA,41.35980863,41.56660767,41.04275882,41.24900384,3088049
2024-04-11,NVDA,41.18283755,41.38875174,40.97551639,41.18142351,1228185
2024-04-12,NVDA,39.50757104,39.70510890,39.28070462,39.47809510,2873666
2024-04-15,NVDA,37.93549215,38.12516961,37.74080853,37.93046083,2818809
2024-04-16,NVDA,38.38233908,38.59773969,38.19042739,38.40571113,2037759
2024-04-17,NVDA,37.79931297,38.11186878,37.61031640,37.92225749,1511873
2024-04-18,NVDA,35.56515777,35.75918437,35.38733199,35.58127798,1180692
2024-04-19,NVDA,36.21967235,36.48233761,36.03857398,36.30083345,1034326
2024-04-22,NVDA,36.42658985,36.74629802,36.24445690,36.56348061,2925965
2024-04-23,NVDA,35.98624347,36.16617469,35.75143944,35.93109492,1359364
2024-04-24,NVDA,34.82223477,34.99634594,34.60747770,34.78138462,4837329
2024-04-25,NVDA,35.34006810,35.70765380,35.16336776,35.53000378,1978988
2024-04-26,NVDA,35.84281857,36.03529315,35.66360447,35.85601308,3610076
2024-04-29,NVDA,38.18578948,38.37671842,37.88153526,38.07189474,3693952
2024-04-30,NVDA,38.61183073,38.80488989,38.29688312,38.48932977,2982026
2024-05-01,NVDA,38.99959038,39.19458833,38.68535446,38.87975323,4534450
2024-05-02,NVDA,38.73785060,38.93153986,38.53966198,38.73332863,1442768
2024-05-03,NVDA,39.44805310,39.74592708,39.25081283,39.54818615,1936126
2024-05-06,NVDA,40.05669656,40.38807235,39.85641307,40.18713666,2009745
2024-05-07,NVDA,41.52409665,41.73171713,41.27378466,41.48119061,1541657
2024-05-08,NVDA,41.00708486,41.21212029,40.75564963,40.96045189,2179095
2024-05-09,NVDA,40.69005931,40.89350961,40.33055154,40.53321763,2250748
2024-05-10,NVDA,40.19908307,40.40007848,39.86631395,40.06664718,4059214
2024-05-13,NVDA,40.86678393,41.08741341,40.66245001,40.88299842,2206506
2024-05-14,NVDA,42.30228204,42.67277771,42.09077063,42.46047534,4506843
2024-05-15,NVDA,41.95280597,42.20295238,41.74304194,41.99298745,4090696
2024-05-16,NVDA,41.59312916,41.80109481,41.35820185,41.56603201,4606567
2024-05-17,NVDA,41.88505063,42.12000339,41.67562538,41.91045113,1420898
2024-05-20,NVDA,41.59822535,41.87875803,41.39023422,41.67040600,4938274
2024-05-21,NVDA,42.72358820,42.93720614,42.47773211,42.69118805,3455851
2024-05-22,NVDA,40.30946176,40.57230290,40.10791445,40.37045065,4929466
2024-05-23,NVDA,39.48600374,39.75827570,39.28857372,39.56047333,2419369
2024-05-24,NVDA,38.84597321,39.04020308,38.61564563,38.80969410,4811996
2024-05-27,NVDA,36.59293486,36.82027721,36.40997019,36.63709175,3354422
2024-05-28,NVDA,35.80553588,35.98456356,35.60042799,35.77932461,1287288
2024-05-29,NVDA,35.01270204,35.18776555,34.80909688,34.98401696,2640497
2024-05-30,NVDA,34.70366828,34.99661086,34.53014994,34.82249836,1551174
2024-05-31,NVDA,35.76765905,35.99843162,35.58882075,35.81933494,4765118
2024-06-03,NVDA,35.76875133,35.94759509,35.43672713,35.61480113,2217866
2024-06-04,NVDA,34.60176637,34.89621994,34.42875754,34.72260690,1889444
2024-06-05,NVDA,34.46751009,34.86050925,34.29517254,34.68707389,3211593
2024-06-06,NVDA,35.42475651,35.80129225,35.24763273,35.62317637,2700645
2024-06-07,NVDA,34.78147116,34.95537851,34.60454166,34.77843383,1387911
2024-06-10,NVDA,34.01242357,34.18248569,33.83922265,34.00926900,4265976
2024-06-11,NVDA,34.48912292,34.67380042,34.31667730,34.50129395,4383187
2024-06-12,NVDA,34.44972434,34.62197296,34.15284476,34.32446709,3971848
2024-06-13,NVDA,34.61984388,35.07305195,34.44674466,34.89855916,3467024
2024-06-14,NVDA,34.94209194,35.11680240,34.72610924,34.90061231,2610230
2024-06-17,NVDA,35.69927139,35.87776775,35.35477366,35.53243584,3169457
